residue,rmsf_A
1,3.782
2,3.017
3,1.983
4,0.842
5,0.687
6,0.555
7,0.573
8,0.621
9,0.655
10,0.736
11,0.76
12,0.759
13,0.739
14,0.716
15,0.754
16,0.76
17,1.227
18,1.003
19,0.989
20,0.843
21,0.616
22,0.468
23,0.404
24,0.421
25,0.481
26,0.518
27,0.479
28,0.468
29,0.455
30,0.441
31,0.441
32,0.467
33,0.555
34,0.597
35,0.728
36,0.616
37,0.58
38,0.565
39,0.533
40,0.606
41,0.959
42,1.776
43,1.953
44,2.241
45,2.27
46,1.769
47,0.877
48,0.793
49,0.724
50,0.61
51,0.595
52,0.617
53,0.671
54,0.539
55,0.466
56,0.418
57,0.419
58,0.441
59,0.449
60,0.447
61,0.442
62,0.405
63,0.399
64,0.44
65,0.46
66,0.523
67,0.578
68,0.582
69,0.572
70,0.6
71,0.669
72,0.774
73,0.885
74,0.876
75,0.732
76,0.658
77,0.631
78,0.543
79,0.52
80,0.489
81,0.471
82,0.553
83,0.607
84,0.763
85,0.709
86,0.934
87,0.835
88,0.953
89,1.272
90,1.206
91,1.28
92,1.426
93,2.395
94,2.443
95,1.934
96,1.387
97,1.234
98,0.929
99,0.652
100,0.557
101,0.507
102,0.489
103,0.538
104,0.508
105,0.59
106,0.626
107,0.699
108,0.963
109,1.031
110,0.676
111,0.631
112,0.802
113,0.653
114,0.601
115,0.722
116,0.731
117,0.694
118,0.753
119,0.918
120,0.995
121,1.006
122,1.384
123,1.256
124,1.077
125,1.122
126,1.016
127,1.295
128,1.29
129,1.35
130,1.068
131,0.789
132,0.9
133,0.857
134,0.686
135,0.695
136,0.864
137,0.828
138,0.684
139,0.819
140,0.944
141,0.779
142,0.742
143,1.107
144,1.25
145,0.91
146,0.857
147,1.323
148,1.818
149,1.422
150,0.676
151,0.697
152,1.052
153,1.646
154,1.783
155,1.793
156,1.24
157,0.97
158,0.728
159,0.764
160,0.804
161,0.678
162,0.72
163,0.808
164,0.678
165,0.633
166,0.782
167,0.904
168,0.872
169,0.733
170,0.816
171,0.825
172,0.918
173,0.765
174,0.892
175,0.82
176,0.951
177,0.883
178,0.668
179,0.774
180,0.889
181,0.911
182,0.939
183,1.088
184,1.139
185,1.295
186,1.129
187,1.39
188,1.365
189,1.007
190,1.009
191,1.301
192,1.152
193,0.745
194,0.887
195,1.001
196,0.955
197,0.908
198,0.734
199,0.698
200,0.613
201,0.699
202,0.619
203,0.495
204,0.496
205,0.457
206,0.408
207,0.426
208,0.429
209,0.408
210,0.484
211,0.521
212,0.495
213,0.608
214,0.709
215,0.715
216,0.806
217,1.0
218,1.118
219,1.215
220,0.962
221,0.934
222,0.807
223,0.711
224,0.766
225,0.739
226,0.632
227,0.558
228,0.643
229,0.649
230,0.576
231,0.725
232,0.733
233,1.102
234,0.909
235,0.799
236,0.909
237,0.813
238,0.648
239,0.7
240,0.755
241,0.681
242,0.689
243,0.733
244,0.787
245,0.701
246,0.885
247,0.935
248,0.853
249,0.85
250,0.682
251,0.815
252,1.0
253,0.834
254,0.861
255,1.113
256,1.327
257,1.322
258,1.399
259,1.827
260,2.879
